{
  "ko": {
    "lawful_basis": 0.9771428571428571,
    "is_sensitive": 0.92,
    "consent_ok": 0.6885714285714286,
    "purpose_specified": 0.9971428571428571,
    "within_purpose": 0.9714285714285714,
    "_all_nodes": 0.6
  },
  "en": {
    "lawful_basis": 0.9742857142857143,
    "is_sensitive": 0.9885714285714285,
    "consent_ok": 0.6942857142857143,
    "purpose_specified": 0.9685714285714285,
    "within_purpose": 1.0,
    "_all_nodes": 0.6314285714285715
  }
}