{
  "temp0.0_ko": {
    "accs": [
      0.65,
      0.65,
      0.65,
      0.65,
      0.65
    ],
    "mean": 0.65,
    "sd": 0.0
  },
  "temp0.0_en": {
    "accs": [
      0.825,
      0.825,
      0.825,
      0.825,
      0.825
    ],
    "mean": 0.825,
    "sd": 0.0
  },
  "temp0.7_ko": {
    "accs": [
      0.6625,
      0.65,
      0.65,
      0.6375,
      0.65
    ],
    "mean": 0.65,
    "sd": 0.007905694150420955
  },
  "temp0.7_en": {
    "accs": [
      0.8375,
      0.825,
      0.825,
      0.8375,
      0.825
    ],
    "mean": 0.83,
    "sd": 0.0061237243569579785
  },
  "gap_temp0.0": -0.17499999999999993,
  "gap_temp0.7": -0.17999999999999994
}