{
  "temp0.0_ko": {
    "accs": [
      0.6375,
      0.6375,
      0.6375,
      0.6375,
      0.6375
    ],
    "mean": 0.6375,
    "sd": 0.0
  },
  "temp0.0_en": {
    "accs": [
      0.825,
      0.825,
      0.825,
      0.825,
      0.825
    ],
    "mean": 0.825,
    "sd": 0.0
  },
  "temp0.7_ko": {
    "accs": [
      0.6375,
      0.625,
      0.625,
      0.6375,
      0.625
    ],
    "mean": 0.63,
    "sd": 0.006123724356957924
  },
  "temp0.7_en": {
    "accs": [
      0.8375,
      0.825,
      0.825,
      0.8375,
      0.825
    ],
    "mean": 0.83,
    "sd": 0.0061237243569579785
  },
  "gap_temp0.0": -0.1875,
  "gap_temp0.7": -0.19999999999999996
}